"Reference","Value","Qty","Footprint","DNP","#","Description"
"C1,C2","22pf","2","Capacitor_SMD:C_0603_1608Metric_Pad1.08x0.95mm_HandSolder","","1","Unpolarized capacitor"
"C3,C4,C5","100nf","3","Capacitor_SMD:C_1206_3216Metric_Pad1.33x1.80mm_HandSolder","","2","Unpolarized capacitor"
"U4,U5,U6","CD4066BE","3","CD4066B:N14","","3",""
"J4","5VIN","1","Connector_JST:JST_EH_B2B-EH-A_1x02_P2.50mm_Vertical","","4","Generic connector, single row, 01x02, script generated"
"J3","Conn_01x04_Socket","1","Connector_JST:JST_EH_B4B-EH-A_1x04_P2.50mm_Vertical","","5","Generic connector, single row, 01x04, script generated"
"J5,J6,J7,J8,J9,J10","Conn_01x04_Pin","6","Connector_PinHeader_1.00mm:PinHeader_1x04_P1.00mm_Vertical","","6","Generic connector, single row, 01x04, script generated"
"J2","Conn_01x04_pin header","1","Connector_PinHeader_2.54mm:PinHeader_1x04_P2.54mm_Vertical","","7","Generic connector, single row, 01x04, script generated"
"J1","USB_B","1","Connector_USB:USB_B_Lumberg_2411_02_Horizontal","","8","USB Type B connector"
"x2","12MHz","1","Crystal:Crystal_HC49-4H_Vertical","","9","Two pin crystal"
"D15","SS34","1","Diode_SMD:D_SMA","","10",""
"RX1","RX1","1","LED_SMD:LED_1206_3216Metric","","11","Light emitting diode"
"TX1","TX1","1","LED_SMD:LED_1206_3216Metric","","12","Light emitting diode"
"D1","POWER","1","LED_SMD:LED_1206_3216Metric_Pad1.42x1.75mm_HandSolder","","13","Light emitting diode"
"D2,D3,D4,D5,D6,D7,D8,D9,D10,D11,D12,D13","LED","12","LED_SMD:LED_1206_3216Metric_Pad1.42x1.75mm_HandSolder","","14","Light emitting diode"
"U2","CH340G","1","Package_SO:SOIC-16_3.9x9.9mm_P1.27mm","","15","USB serial converter, UART, SOIC-16"
"U1","AMS1117-3.3","1","Package_TO_SOT_SMD:SOT-223-3_TabPin2","","16","1A Low Dropout regulator, positive, 3.3V fixed output, SOT-223"
"Q1,Q2","NPN","2","Package_TO_SOT_SMD:TSOT-23","","17","Bipolar transistor symbol for simulation only, substrate tied to the emitter"
"R1,R7,R8","10k","3","Resistor_SMD:R_1206_3216Metric","","18","Resistor, US symbol"
"R2,R5,R6","1K","3","Resistor_SMD:R_1206_3216Metric","","19","Resistor, US symbol"
"R3,R4","10K","2","Resistor_SMD:R_1206_3216Metric","","20","Resistor, US symbol"
"R9,R10,R11,R12,R13,R14,R15,R16,R17,R18,R19,R20","220","12","Resistor_SMD:R_1206_3216Metric","","21","Resistor, US symbol"
"U3","ESP32-WROOM-32","1","RF_Module:ESP32-WROOM-32","","22","RF Module, ESP32-D0WDQ6 SoC, Wi-Fi 802.11b/g/n, Bluetooth, BLE, 32-bit, 2.7-3.6V, onboard antenna, SMD"
